Wearabouts,"['lparab', 'leeaj23', 'priyam3', 'ashastry', 'ninaucht', 'emilysl']"
GoBuddy,"['jinkehan', 'aaryaj', 'rayxr', 'sjn0305', 'tingyu01', 'luam']"
Ambira,"['timmh7', 'hgram007', 'sluong05', 'oconnorr', 'ntsegai2', 'donovan8']"
Partner & Pump,"['yasirab', 'mmahamed', 'john35', 'mas954', 'chiemily', 'alew4']"
GPTree,"['rpham03', 'jpark132', 'wadswbri', 'yanam5', 'xz265', 'xllegion']"
CookiesShallNotPass,"['dmj65432', 'aryan08', 'smoshe', 'fpazaran', 'jhuynh18', 'gcarls4']"
MODO,"['shelb2', 'junhez', 'zliu44', 'dmaddo', 'akpettis', 'jacqub3']"
ShelterLink,"['cbither', 'amarto', 'spenj', 'azitab', 'elijoshi']"
Homi,"['eelmi2', 'ptang6', 'husabdi', 'conthi', 'zsabry']"
Purrfect Match,"['nbphucc', 'lmswar', 'xuannhu', 'hsu01', 'dpetkau']"
RightTrack,"['admcrae', 'avanunes', 'zcrouse', 'lillinn', 'kiann2']"
GitStory,"['adgarg12', 'dchiem', 'sliu1229', 'imlimasi', 'erathi']"
TicketSpy,"['abigam8', 'ayamouse', 'ahanaroy', 'nushas', 'dmaring']"
CookiesShallNotPass,"['shaank22', 'Pfg1995', 'lizhao', 'vishksat', 'cyw12']"
WebAmp,"['zzzahara', 'longvu', 'jc011605', 'ecjohn80', 'vinamra1']"
ShelterLink,"['lberna', 'harrycn', 'tomaszmi', 'jtkent', 'timofeik']"
